ANO;Código da Unidade da Federação;Nome da Unidade da Federação;Código do Município;Município;Esperança de vida ao nascer;Mortalidade infantil
1991;31;Minas Gerais;310010;Abadia dos Dourados;68,67;27,69
1991;31;Minas Gerais;310020;Abaeté;68,04;29,37
1991;31;Minas Gerais;310030;Abre Campo;65,67;36,29
1991;31;Minas Gerais;310040;Acaiaca;63,15;44,53
1991;31;Minas Gerais;310050;Açucena;64,9;38,70
1991;31;Minas Gerais;310060;Água Boa;65,48;38,40
1991;31;Minas Gerais;310070;Água Comprida;70,55;22,88
1991;31;Minas Gerais;310080;Aguanil;67,18;31,80
1991;31;Minas Gerais;310090;Águas Formosas;62,48;46,90
1991;31;Minas Gerais;310100;Águas Vermelhas;60,31;55,03
1991;31;Minas Gerais;310110;Aimorés;65,73;36,09
1991;31;Minas Gerais;310120;Aiuruoca;66,83;32,79
1991;31;Minas Gerais;310130;Alagoa;65,49;36,85
1991;31;Minas Gerais;310140;Albertina;69,64;25,14
1991;31;Minas Gerais;310150;Além Paraíba;67,25;31,60
1991;31;Minas Gerais;310160;Alfenas;70,52;22,96
1991;31;Minas Gerais;310163;Alfredo Vasconcelos;66,36;34,20
1991;31;Minas Gerais;310170;Almenara;62,72;47,68
1991;31;Minas Gerais;310180;Alpercata;67,93;29,69
1991;31;Minas Gerais;310190;Alpinópolis;69,06;26,65
1991;31;Minas Gerais;310200;Alterosa;67,57;30,70
1991;31;Minas Gerais;310205;Alto Caparaó;66,83;32,81
1991;31;Minas Gerais;310210;Alto Rio Doce;64,41;40,28
1991;31;Minas Gerais;310220;Alvarenga;63,92;41,90
1991;31;Minas Gerais;310230;Alvinópolis;66,61;33,45
1991;31;Minas Gerais;310240;Alvorada de Minas;65,54;36,67
1991;31;Minas Gerais;310250;Amparo do Serra;62,78;45,82
1991;31;Minas Gerais;310260;Andradas;70,96;21,90
1991;31;Minas Gerais;310270;Cachoeira de Pajeú;62,48;46,90
1991;31;Minas Gerais;310280;Andrelândia;64,39;41,16
1991;31;Minas Gerais;310285;Angelândia;62,66;49,43
1991;31;Minas Gerais;310290;Antônio Carlos;67,67;30,40
1991;31;Minas Gerais;310300;Antônio Dias;65,64;36,38
1991;31;Minas Gerais;310310;Antônio Prado de Minas;64,42;40,27
1991;31;Minas Gerais;310320;Araçaí;65,76;36,00
1991;31;Minas Gerais;310330;Aracitaba;64,87;38,81
1991;31;Minas Gerais;310340;Araçuaí;64,14;41,19
1991;31;Minas Gerais;310350;Araguari;70,96;21,90
1991;31;Minas Gerais;310360;Arantina;66,28;34,44
1991;31;Minas Gerais;310370;Araponga;60,21;56,15
1991;31;Minas Gerais;310375;Araporã;69,06;26,65
1991;31;Minas Gerais;310380;Arapuá;69,61;25,23
1991;31;Minas Gerais;310390;Araújos;67,63;30,51
1991;31;Minas Gerais;310400;Araxá;67,41;31,13
1991;31;Minas Gerais;310410;Arceburgo;64,93;38,62
1991;31;Minas Gerais;310420;Arcos;68,59;27,89
1991;31;Minas Gerais;310430;Areado;67,59;30,63
1991;31;Minas Gerais;310440;Argirita;67,37;31,26
1991;31;Minas Gerais;310445;Aricanduva;64,95;39,54
1991;31;Minas Gerais;310450;Arinos;64,59;39,72
1991;31;Minas Gerais;310460;Astolfo Dutra;67,52;30,82
1991;31;Minas Gerais;310470;Ataléia;63,97;45,26
1991;31;Minas Gerais;310480;Augusto de Lima;63,23;44,27
1991;31;Minas Gerais;310490;Baependi;66,54;33,65
1991;31;Minas Gerais;310500;Baldim;67,8;30,05
1991;31;Minas Gerais;310510;Bambuí;68,13;29,12
1991;31;Minas Gerais;310520;Bandeira;62,61;46,43
1991;31;Minas Gerais;310530;Bandeira do Sul;67,56;30,70
1991;31;Minas Gerais;310540;Barão de Cocais;65,71;36,17
1991;31;Minas Gerais;310550;Barão de Monte Alto;64;41,64
1991;31;Minas Gerais;310560;Barbacena;68;29,50
1991;31;Minas Gerais;310570;Barra Longa;63,15;44,53
1991;31;Minas Gerais;310590;Barroso;67,67;31,37
1991;31;Minas Gerais;310600;Bela Vista de Minas;61,16;51,76
1991;31;Minas Gerais;310610;Belmiro Braga;68,05;29,36
1991;31;Minas Gerais;310620;Belo Horizonte;68,64;30,03
1991;31;Minas Gerais;310630;Belo Oriente;61,35;51,03
1991;31;Minas Gerais;310640;Belo Vale;65,47;37,42
1991;31;Minas Gerais;310650;Berilo;66,86;32,72
1991;31;Minas Gerais;310660;Bertópolis;61,36;51,02
1991;31;Minas Gerais;310665;Berizal;60,31;55,03
1991;31;Minas Gerais;310670;Betim;65,78;38,26
1991;31;Minas Gerais;310680;Bias Fortes;67,85;29,92
1991;31;Minas Gerais;310690;Bicas;68,6;27,87
1991;31;Minas Gerais;310700;Biquinhas;68,04;29,37
1991;31;Minas Gerais;310710;Boa Esperança;68,99;26,83
1991;31;Minas Gerais;310720;Bocaina de Minas;66,09;35,00
1991;31;Minas Gerais;310730;Bocaiúva;66,29;34,41
1991;31;Minas Gerais;310740;Bom Despacho;67,63;30,51
1991;31;Minas Gerais;310750;Bom Jardim de Minas;67,89;29,79
1991;31;Minas Gerais;310760;Bom Jesus da Penha;67,02;32,26
1991;31;Minas Gerais;310770;Bom Jesus do Amparo;64,14;41,20
1991;31;Minas Gerais;310780;Bom Jesus do Galho;61,47;50,61
1991;31;Minas Gerais;310790;Bom Repouso;68,49;28,16
1991;31;Minas Gerais;310800;Bom Sucesso;68,26;28,78
1991;31;Minas Gerais;310810;Bonfim;65,42;37,08
1991;31;Minas Gerais;310820;Bonfinópolis de Minas;66,83;32,79
1991;31;Minas Gerais;310825;Bonito de Minas;60,3;55,08
1991;31;Minas Gerais;310830;Borda da Mata;69,63;25,19
1991;31;Minas Gerais;310840;Botelhos;69,19;26,29
1991;31;Minas Gerais;310850;Botumirim;64,08;41,40
1991;31;Minas Gerais;310855;Brasilândia de Minas;65,53;36,73
1991;31;Minas Gerais;310860;Brasília de Minas;64,1;41,32
1991;31;Minas Gerais;310870;Brás Pires;66,86;32,72
1991;31;Minas Gerais;310880;Braúnas;64,39;41,16
1991;31;Minas Gerais;310890;Brasópolis;65,47;37,42
1991;31;Minas Gerais;310900;Brumadinho;67,37;31,24
1991;31;Minas Gerais;310910;Bueno Brandão;67,47;30,97
1991;31;Minas Gerais;310920;Buenópolis;61,16;51,76
1991;31;Minas Gerais;310925;Bugre;66,68;34,02
1991;31;Minas Gerais;310930;Buritis;64,88;38,76
1991;31;Minas Gerais;310940;Buritizeiro;60,6;53,92
1991;31;Minas Gerais;310945;Cabeceira Grande;66,83;32,79
1991;31;Minas Gerais;310950;Cabo Verde;64,27;40,76
1991;31;Minas Gerais;310960;Cachoeira da Prata;66,56;33,61
1991;31;Minas Gerais;310970;Cachoeira de Minas;68,25;28,82
1991;31;Minas Gerais;310980;Cachoeira Dourada;68,46;28,23
1991;31;Minas Gerais;310990;Caetanópolis;66,3;34,36
1991;31;Minas Gerais;311000;Caeté;66,12;34,92
1991;31;Minas Gerais;311010;Caiana;63,49;43,36
1991;31;Minas Gerais;311020;Cajuri;62,06;48,43
1991;31;Minas Gerais;311030;Caldas;69,64;25,14
1991;31;Minas Gerais;311040;Camacho;64,87;38,81
1991;31;Minas Gerais;311050;Camanducaia;66,93;32,52
1991;31;Minas Gerais;311060;Cambuí;67;32,32
1991;31;Minas Gerais;311070;Cambuquira;68,78;27,38
1991;31;Minas Gerais;311080;Campanário;63,15;44,53
1991;31;Minas Gerais;311090;Campanha;68,99;26,83
1991;31;Minas Gerais;311100;Campestre;66,93;32,52
1991;31;Minas Gerais;311110;Campina Verde;70,21;23,72
1991;31;Minas Gerais;311115;Campo Azul;64,1;41,32
1991;31;Minas Gerais;311120;Campo Belo;68,13;29,12
1991;31;Minas Gerais;311130;Campo do Meio;65,95;35,41
1991;31;Minas Gerais;311140;Campo Florido;68,12;29,16
1991;31;Minas Gerais;311150;Campos Altos;68,77;27,40
1991;31;Minas Gerais;311160;Campos Gerais;66,38;34,12
1991;31;Minas Gerais;311170;Canaã;64,93;42,12
1991;31;Minas Gerais;311180;Canápolis;68,64;27,76
1991;31;Minas Gerais;311190;Cana Verde;67,18;31,80
1991;31;Minas Gerais;311200;Candeias;68,13;29,12
1991;31;Minas Gerais;311205;Cantagalo;65,48;39,44
1991;31;Minas Gerais;311210;Caparaó;66,83;35,54
1991;31;Minas Gerais;311220;Capela Nova;64,56;39,80
1991;31;Minas Gerais;311230;Capelinha;62,48;46,90
1991;31;Minas Gerais;311240;Capetinga;67,59;30,63
1991;31;Minas Gerais;311250;Capim Branco;67,05;32,17
1991;31;Minas Gerais;311260;Capinópolis;68,63;27,78
1991;31;Minas Gerais;311265;Capitão Andrade;62,79;45,81
1991;31;Minas Gerais;311270;Capitão Enéas;64,1;41,32
1991;31;Minas Gerais;311280;Capitólio;69,06;26,65
1991;31;Minas Gerais;311290;Caputira;61,53;50,37
1991;31;Minas Gerais;311300;Caraí;64,14;41,19
1991;31;Minas Gerais;311310;Caranaíba;66,36;34,20
1991;31;Minas Gerais;311320;Carandaí;67,67;30,40
1991;31;Minas Gerais;311330;Carangola;68,73;27,52
1991;31;Minas Gerais;311340;Caratinga;66,26;34,50
1991;31;Minas Gerais;311350;Carbonita;64,95;38,54
1991;31;Minas Gerais;311360;Careaçu;69,61;25,23
1991;31;Minas Gerais;311370;Carlos Chagas;63,15;44,53
1991;31;Minas Gerais;311380;Carmésia;66,04;35,14
1991;31;Minas Gerais;311390;Carmo da Cachoeira;66,04;35,16
1991;31;Minas Gerais;311400;Carmo da Mata;65,79;35,91
1991;31;Minas Gerais;311410;Carmo de Minas;68,14;29,10
1991;31;Minas Gerais;311420;Carmo do Cajuru;68,85;27,20
1991;31;Minas Gerais;311430;Carmo do Paranaíba;69,61;25,23
1991;31;Minas Gerais;311440;Carmo do Rio Claro;68,22;28,88
1991;31;Minas Gerais;311450;Carmópolis de Minas;68,26;28,78
1991;31;Minas Gerais;311455;Carneirinho;67;32,30
1991;31;Minas Gerais;311460;Carrancas;66,83;32,79
1991;31;Minas Gerais;311470;Carvalhópolis;67,59;30,63
1991;31;Minas Gerais;311480;Carvalhos;67,89;29,79
1991;31;Minas Gerais;311490;Casa Grande;64,11;41,28
1991;31;Minas Gerais;311500;Cascalho Rico;68,64;27,76
1991;31;Minas Gerais;311510;Cássia;69,06;26,65
1991;31;Minas Gerais;311520;Conceição da Barra de Minas;64,18;41,05
1991;31;Minas Gerais;311530;Cataguases;69,86;24,59
1991;31;Minas Gerais;311535;Catas Altas;68,04;29,37
1991;31;Minas Gerais;311540;Catas Altas da Noruega;64,11;41,28
1991;31;Minas Gerais;311545;Catuji;60,87;52,85
1991;31;Minas Gerais;311547;Catuti;62,66;46,25
1991;31;Minas Gerais;311550;Caxambu;69,27;26,09
1991;31;Minas Gerais;311560;Cedro do Abaeté;68,04;29,37
1991;31;Minas Gerais;311570;Central de Minas;65,13;37,98
1991;31;Minas Gerais;311580;Centralina;65,52;36,74
1991;31;Minas Gerais;311590;Chácara;66,69;33,21
1991;31;Minas Gerais;311600;Chalé;65,67;36,29
1991;31;Minas Gerais;311610;Chapada do Norte;66,86;32,72
1991;31;Minas Gerais;311615;Chapada Gaúcha;65,9;35,57
1991;31;Minas Gerais;311620;Chiador;68,05;29,36
1991;31;Minas Gerais;311630;Cipotânea;62,82;48,27
1991;31;Minas Gerais;311640;Claraval;66,04;35,16
1991;31;Minas Gerais;311650;Claro dos Poções;64,1;41,32
1991;31;Minas Gerais;311660;Cláudio;65,38;37,19
1991;31;Minas Gerais;311670;Coimbra;66,83;35,54
1991;31;Minas Gerais;311680;Coluna;60,91;52,72
1991;31;Minas Gerais;311690;Comendador Gomes;68,51;28,11
1991;31;Minas Gerais;311700;Comercinho;61,36;51,02
1991;31;Minas Gerais;311710;Conceição da Aparecida;67,62;30,55
1991;31;Minas Gerais;311720;Conceição das Pedras;68,25;28,82
1991;31;Minas Gerais;311730;Conceição das Alagoas;68,12;29,16
1991;31;Minas Gerais;311740;Conceição de Ipanema;63,92;41,90
1991;31;Minas Gerais;311750;Conceição do Mato Dentro;65,54;36,67
1991;31;Minas Gerais;311760;Conceição do Pará;67,18;31,80
1991;31;Minas Gerais;311770;Conceição do Rio Verde;68,14;29,10
1991;31;Minas Gerais;311780;Conceição dos Ouros;69,14;26,43
1991;31;Minas Gerais;311783;Cônego Marinho;64,86;38,84
1991;31;Minas Gerais;311787;Confins;67,11;31,98
1991;31;Minas Gerais;311790;Congonhal;68,13;30,32
1991;31;Minas Gerais;311800;Congonhas;66,12;34,92
1991;31;Minas Gerais;311810;Congonhas do Norte;64,84;38,89
1991;31;Minas Gerais;311820;Conquista;68,12;29,16
1991;31;Minas Gerais;311830;Conselheiro Lafaiete;69,83;25,32
1991;31;Minas Gerais;311840;Conselheiro Pena;64,84;38,89
1991;31;Minas Gerais;311850;Consolação;65,06;38,20
1991;31;Minas Gerais;311860;Contagem;66,26;34,50
1991;31;Minas Gerais;311870;Coqueiral;68,42;28,35
1991;31;Minas Gerais;311880;Coração de Jesus;64,11;41,28
1991;31;Minas Gerais;311890;Cordisburgo;66,64;33,35
1991;31;Minas Gerais;311900;Cordislândia;68,25;28,82
1991;31;Minas Gerais;311910;Corinto;64,81;39,02
1991;31;Minas Gerais;311920;Coroaci;62,07;48,39
1991;31;Minas Gerais;311930;Coromandel;68,67;27,69
1991;31;Minas Gerais;311940;Coronel Fabriciano;67,37;31,24
1991;31;Minas Gerais;311950;Coronel Murta;62,13;48,17
1991;31;Minas Gerais;311960;Coronel Pacheco;64,84;38,90
1991;31;Minas Gerais;311970;Coronel Xavier Chaves;67,9;31,65
1991;31;Minas Gerais;311980;Córrego Danta;66,39;34,11
1991;31;Minas Gerais;311990;Córrego do Bom Jesus;64,56;39,80
1991;31;Minas Gerais;311995;Córrego Fundo;66,19;34,70
1991;31;Minas Gerais;312000;Córrego Novo;66,68;33,25
1991;31;Minas Gerais;312010;Couto de Magalhães de Minas;62,29;47,59
1991;31;Minas Gerais;312015;Crisólita;61,36;51,02
1991;31;Minas Gerais;312020;Cristais;69,93;24,42
1991;31;Minas Gerais;312030;Cristália;65,46;36,92
1991;31;Minas Gerais;312040;Cristiano Otoni;67,85;29,92
1991;31;Minas Gerais;312050;Cristina;65,06;38,20
1991;31;Minas Gerais;312060;Crucilândia;65,38;37,19
1991;31;Minas Gerais;312070;Cruzeiro da Fortaleza;70,52;22,96
1991;31;Minas Gerais;312080;Cruzília;66,28;34,44
1991;31;Minas Gerais;312083;Cuparaque;67,08;32,09
1991;31;Minas Gerais;312087;Curral de Dentro;58,79;61,23
1991;31;Minas Gerais;312090;Curvelo;66,5;33,77
1991;31;Minas Gerais;312100;Datas;65,09;41,70
1991;31;Minas Gerais;312110;Delfim Moreira;66,42;36,01
1991;31;Minas Gerais;312120;Delfinópolis;67,21;31,71
1991;31;Minas Gerais;312125;Delta;68,12;29,16
1991;31;Minas Gerais;312130;Descoberto;67,24;31,62
1991;31;Minas Gerais;312140;Desterro de Entre Rios;66,32;34,32
1991;31;Minas Gerais;312150;Desterro do Melo;66,36;34,20
1991;31;Minas Gerais;312160;Diamantina;66,17;34,76
1991;31;Minas Gerais;312170;Diogo de Vasconcelos;64,23;40,90
1991;31;Minas Gerais;312180;Dionísio;63,63;42,90
1991;31;Minas Gerais;312190;Divinésia;64,55;39,85
1991;31;Minas Gerais;312200;Divino;62,67;46,23
1991;31;Minas Gerais;312210;Divino das Laranjeiras;64,8;39,02
1991;31;Minas Gerais;312220;Divinolândia de Minas;64,22;40,92
1991;31;Minas Gerais;312230;Divinópolis;70,87;22,12
1991;31;Minas Gerais;312235;Divisa Alegre;59,67;57,60
1991;31;Minas Gerais;312240;Divisa Nova;67,59;30,63
1991;31;Minas Gerais;312245;Divisópolis;62,48;46,90
1991;31;Minas Gerais;312247;Dom Bosco;66,83;32,79
1991;31;Minas Gerais;312250;Dom Cavati;66,22;34,61
1991;31;Minas Gerais;312260;Dom Joaquim;62,74;45,97
1991;31;Minas Gerais;312270;Dom Silvério;66,02;35,21
1991;31;Minas Gerais;312280;Dom Viçoso;65,25;37,62
1991;31;Minas Gerais;312290;Dona Eusébia;64,93;38,62
1991;31;Minas Gerais;312300;Dores de Campos;67,11;31,98
1991;31;Minas Gerais;312310;Dores de Guanhães;64,6;39,69
1991;31;Minas Gerais;312320;Dores do Indaiá;67,63;30,51
1991;31;Minas Gerais;312330;Dores do Turvo;66,39;34,10
1991;31;Minas Gerais;312340;Doresópolis;68,6;27,85
1991;31;Minas Gerais;312350;Douradoquara;68,67;27,69
1991;31;Minas Gerais;312352;Durandé;64,55;39,85
1991;31;Minas Gerais;312360;Elói Mendes;68,03;29,40
1991;31;Minas Gerais;312370;Engenheiro Caldas;64,04;44,20
1991;31;Minas Gerais;312380;Engenheiro Navarro;66,29;34,41
1991;31;Minas Gerais;312385;Entre Folhas;66,68;33,25
1991;31;Minas Gerais;312390;Entre Rios de Minas;67,38;31,22
1991;31;Minas Gerais;312400;Ervália;64,7;39,36
1991;31;Minas Gerais;312410;Esmeraldas;65,64;36,38
1991;31;Minas Gerais;312420;Espera Feliz;64,53;39,90
1991;31;Minas Gerais;312430;Espinosa;63,95;41,82
1991;31;Minas Gerais;312440;Espírito Santo do Dourado;68,1;29,20
1991;31;Minas Gerais;312450;Estiva;69,63;25,19
1991;31;Minas Gerais;312460;Estrela Dalva;66,23;34,59
1991;31;Minas Gerais;312470;Estrela do Indaiá;66,83;35,54
1991;31;Minas Gerais;312480;Estrela do Sul;68,67;27,69
1991;31;Minas Gerais;312490;Eugenópolis;66,39;34,10
1991;31;Minas Gerais;312500;Ewbank da Câmara;64,87;38,81
1991;31;Minas Gerais;312510;Extrema;67;32,32
1991;31;Minas Gerais;312520;Fama;67,59;30,63
1991;31;Minas Gerais;312530;Faria Lemos;65,99;35,29
1991;31;Minas Gerais;312540;Felício dos Santos;65,09;41,70
1991;31;Minas Gerais;312550;São Gonçalo do Rio Preto;63,23;47,68
1991;31;Minas Gerais;312560;Felisburgo;63,98;41,72
1991;31;Minas Gerais;312570;Felixlândia;65,38;37,20
1991;31;Minas Gerais;312580;Fernandes Tourinho;63,14;44,56
1991;31;Minas Gerais;312590;Ferros;66,35;34,23
1991;31;Minas Gerais;312595;Fervedouro;65,99;35,29
1991;31;Minas Gerais;312600;Florestal;68,91;27,03
1991;31;Minas Gerais;312610;Formiga;69,64;25,14
1991;31;Minas Gerais;312620;Formoso;64,55;39,85
1991;31;Minas Gerais;312630;Fortaleza de Minas;69,06;26,65
1991;31;Minas Gerais;312640;Fortuna de Minas;64,56;39,80
1991;31;Minas Gerais;312650;Francisco Badaró;64,95;38,54
1991;31;Minas Gerais;312660;Francisco Dumont;61,16;51,76
1991;31;Minas Gerais;312670;Francisco Sá;64,1;41,32
1991;31;Minas Gerais;312675;Franciscópolis;61,36;51,02
1991;31;Minas Gerais;312680;Frei Gaspar;62,46;46,96
1991;31;Minas Gerais;312690;Frei Inocêncio;62,07;48,39
1991;31;Minas Gerais;312695;Frei Lagonegro;60,21;56,15
1991;31;Minas Gerais;312700;Fronteira;70,02;24,19
1991;31;Minas Gerais;312705;Fronteira dos Vales;61,79;49,41
1991;31;Minas Gerais;312707;Fruta de Leite;63;45,08
1991;31;Minas Gerais;312710;Frutal;70,21;23,72
1991;31;Minas Gerais;312720;Funilândia;64,59;39,72
1991;31;Minas Gerais;312730;Galiléia;62,07;48,39
1991;31;Minas Gerais;312733;Gameleiras;61,69;49,78
1991;31;Minas Gerais;312735;Glaucilândia;64,13;41,22
1991;31;Minas Gerais;312737;Goiabeira;60,53;54,17
1991;31;Minas Gerais;312738;Goianá;65,01;38,37
1991;31;Minas Gerais;312740;Gonçalves;68,04;29,37
1991;31;Minas Gerais;312750;Gonzaga;61,35;51,03
1991;31;Minas Gerais;312760;Gouveia;66,17;34,76
1991;31;Minas Gerais;312770;Governador Valadares;67,03;34,77
1991;31;Minas Gerais;312780;Grão Mogol;67,97;29,57
1991;31;Minas Gerais;312790;Grupiara;68,67;27,69
1991;31;Minas Gerais;312800;Guanhães;64,39;41,16
1991;31;Minas Gerais;312810;Guapé;68,03;29,40
1991;31;Minas Gerais;312820;Guaraciaba;62;48,64
1991;31;Minas Gerais;312825;Guaraciama;66,29;34,41
1991;31;Minas Gerais;312830;Guaranésia;68,97;26,88
1991;31;Minas Gerais;312840;Guarani;67,88;29,82
1991;31;Minas Gerais;312850;Guarará;64,84;38,90
1991;31;Minas Gerais;312860;Guarda-Mor;65,78;38,26
1991;31;Minas Gerais;312870;Guaxupé;70,49;23,03
1991;31;Minas Gerais;312880;Guidoval;64,87;38,81
1991;31;Minas Gerais;312890;Guimarânia;69,61;25,23
1991;31;Minas Gerais;312900;Guiricema;67,84;29,92
1991;31;Minas Gerais;312910;Gurinhatã;68,73;27,51
1991;31;Minas Gerais;312920;Heliodora;66,85;32,74
1991;31;Minas Gerais;312930;Iapu;67,72;30,27
1991;31;Minas Gerais;312940;Ibertioga;67,48;30,94
1991;31;Minas Gerais;312950;Ibiá;68,23;28,85
1991;31;Minas Gerais;312960;Ibiaí;66,67;33,27
1991;31;Minas Gerais;312965;Ibiracatu;62,27;47,65
1991;31;Minas Gerais;312970;Ibiraci;67,38;31,23
1991;31;Minas Gerais;312980;Ibirité;65,53;36,73
1991;31;Minas Gerais;312990;Ibitiúra de Minas;68,84;27,22
1991;31;Minas Gerais;313000;Ibituruna;65,79;35,91
1991;31;Minas Gerais;313005;Icaraí de Minas;65,9;35,57
1991;31;Minas Gerais;313010;Igarapé;68,28;30,67
1991;31;Minas Gerais;313020;Igaratinga;66,87;32,68
1991;31;Minas Gerais;313030;Iguatama;66,39;34,11
1991;31;Minas Gerais;313040;Ijaci;67,53;30,80
1991;31;Minas Gerais;313050;Ilicínea;67,84;29,92
1991;31;Minas Gerais;313055;Imbé de Minas;61,94;48,84
1991;31;Minas Gerais;313060;Inconfidentes;67,35;31,31
1991;31;Minas Gerais;313065;Indaiabira;61,69;49,78
1991;31;Minas Gerais;313070;Indianópolis;67,84;29,94
1991;31;Minas Gerais;313080;Ingaí;67,66;30,44
1991;31;Minas Gerais;313090;Inhapim;67,72;30,27
1991;31;Minas Gerais;313100;Inhaúma;64,81;39,02
1991;31;Minas Gerais;313110;Inimutaba;62,08;48,33
1991;31;Minas Gerais;313115;Ipaba;65,17;37,85
1991;31;Minas Gerais;313120;Ipanema;64,81;39,02
1991;31;Minas Gerais;313130;Ipatinga;67,37;31,24
1991;31;Minas Gerais;313140;Ipiaçu;68,46;28,23
1991;31;Minas Gerais;313150;Ipuiúna;68,06;29,33
1991;31;Minas Gerais;313160;Iraí de Minas;66,12;34,92
1991;31;Minas Gerais;313170;Itabira;67,72;30,26
1991;31;Minas Gerais;313180;Itabirinha;64,81;39,02
1991;31;Minas Gerais;313190;Itabirito;68,3;28,67
1991;31;Minas Gerais;313200;Itacambira;65,46;36,92
1991;31;Minas Gerais;313210;Itacarambi;61,69;49,78
1991;31;Minas Gerais;313220;Itaguara;65,38;37,19
1991;31;Minas Gerais;313230;Itaipé;64,08;41,40
1991;31;Minas Gerais;313240;Itajubá;69,63;26,96
1991;31;Minas Gerais;313250;Itamarandiba;61,81;49,33
1991;31;Minas Gerais;313260;Itamarati de Minas;67,37;31,26
1991;31;Minas Gerais;313270;Itambacuri;61,13;51,88
1991;31;Minas Gerais;313280;Itambé do Mato Dentro;65,54;36,67
1991;31;Minas Gerais;313290;Itamogi;68,84;27,22
1991;31;Minas Gerais;313300;Itamonte;69,19;26,29
1991;31;Minas Gerais;313310;Itanhandu;66,66;33,31
1991;31;Minas Gerais;313320;Itanhomi;64,12;41,26
1991;31;Minas Gerais;313330;Itaobim;65,71;36,15
1991;31;Minas Gerais;313340;Itapagipe;68,5;28,14
1991;31;Minas Gerais;313350;Itapecerica;67,13;31,92
1991;31;Minas Gerais;313360;Itapeva;69,63;26,96
1991;31;Minas Gerais;313370;Itatiaiuçu;65,38;37,19
1991;31;Minas Gerais;313375;Itaú de Minas;66,84;32,79
1991;31;Minas Gerais;313380;Itaúna;70,14;23,89
1991;31;Minas Gerais;313390;Itaverava;67,85;29,92
1991;31;Minas Gerais;313400;Itinga;61,95;48,82
1991;31;Minas Gerais;313410;Itueta;63,92;41,90
1991;31;Minas Gerais;313420;Ituiutaba;70,3;23,50
1991;31;Minas Gerais;313430;Itumirim;67,66;30,44
1991;31;Minas Gerais;313440;Iturama;68,77;27,40
1991;31;Minas Gerais;313450;Itutinga;66,84;32,79
1991;31;Minas Gerais;313460;Jaboticatubas;65,38;37,19
1991;31;Minas Gerais;313470;Jacinto;62,48;46,90
1991;31;Minas Gerais;313480;Jacuí;66,3;34,36
1991;31;Minas Gerais;313490;Jacutinga;70,87;22,12
1991;31;Minas Gerais;313500;Jaguaraçu;67,38;31,22
1991;31;Minas Gerais;313505;Jaíba;61,69;49,78
1991;31;Minas Gerais;313507;Jampruca;59,5;58,28
1991;31;Minas Gerais;313510;Janaúba;66,02;35,21
1991;31;Minas Gerais;313520;Januária;64,1;41,32
1991;31;Minas Gerais;313530;Japaraíba;64,18;41,05
1991;31;Minas Gerais;313535;Japonvar;63,71;42,63
1991;31;Minas Gerais;313540;Jeceaba;65,38;37,19
1991;31;Minas Gerais;313545;Jenipapo de Minas;60,1;55,86
1991;31;Minas Gerais;313550;Jequeri;64,25;41,28
1991;31;Minas Gerais;313560;Jequitaí;66,67;33,27
1991;31;Minas Gerais;313570;Jequitibá;67,41;31,13
1991;31;Minas Gerais;313580;Jequitinhonha;65,92;35,50
1991;31;Minas Gerais;313590;Jesuânia;68,14;29,10
1991;31;Minas Gerais;313600;Joaíma;61,16;51,76
1991;31;Minas Gerais;313610;Joanésia;65,48;36,86
1991;31;Minas Gerais;313620;João Monlevade;68,31;28,64
1991;31;Minas Gerais;313630;João Pinheiro;65,78;35,94
1991;31;Minas Gerais;313640;Joaquim Felício;63,15;44,53
1991;31;Minas Gerais;313650;Jordânia;63,23;47,68
1991;31;Minas Gerais;313652;José Gonçalves de Minas;61,32;51,17
1991;31;Minas Gerais;313655;José Raydan;61,35;51,03
1991;31;Minas Gerais;313657;Josenópolis;64,08;41,40
1991;31;Minas Gerais;313660;Nova União;63,78;42,38
1991;31;Minas Gerais;313665;Juatuba;64,06;41,44
1991;31;Minas Gerais;313670;Juiz de Fora;68;29,50
1991;31;Minas Gerais;313680;Juramento;61,75;49,55
1991;31;Minas Gerais;313690;Juruaia;69,47;25,58
1991;31;Minas Gerais;313695;Juvenília;60,31;55,03
1991;31;Minas Gerais;313700;Ladainha;60,87;52,85
1991;31;Minas Gerais;313710;Lagamar;65,78;38,26
1991;31;Minas Gerais;313720;Lagoa da Prata;65,52;36,74
1991;31;Minas Gerais;313730;Lagoa dos Patos;61,6;50,10
1991;31;Minas Gerais;313740;Lagoa Dourada;67,9;29,76
1991;31;Minas Gerais;313750;Lagoa Formosa;69,61;25,23
1991;31;Minas Gerais;313753;Lagoa Grande;64,76;39,16
1991;31;Minas Gerais;313760;Lagoa Santa;67,59;31,73
1991;31;Minas Gerais;313770;Lajinha;65,65;36,33
1991;31;Minas Gerais;313780;Lambari;68,14;29,10
1991;31;Minas Gerais;313790;Lamim;63,56;43,14
1991;31;Minas Gerais;313800;Laranjal;69,19;26,29
1991;31;Minas Gerais;313810;Lassance;66,67;33,81
1991;31;Minas Gerais;313820;Lavras;67,53;30,80
1991;31;Minas Gerais;313830;Leandro Ferreira;66,83;35,54
1991;31;Minas Gerais;313835;Leme do Prado;64,95;40,37
1991;31;Minas Gerais;313840;Leopoldina;67,37;31,26
1991;31;Minas Gerais;313850;Liberdade;68,25;28,82
1991;31;Minas Gerais;313860;Lima Duarte;68,05;29,36
1991;31;Minas Gerais;313862;Limeira do Oeste;67;32,30
1991;31;Minas Gerais;313865;Lontra;64,07;41,42
1991;31;Minas Gerais;313867;Luisburgo;62,25;47,71
1991;31;Minas Gerais;313868;Luislândia;64,1;41,32
1991;31;Minas Gerais;313870;Luminárias;67,66;30,44
1991;31;Minas Gerais;313880;Luz;67,63;30,51
1991;31;Minas Gerais;313890;Machacalis;60,1;55,86
1991;31;Minas Gerais;313900;Machado;67,59;30,63
1991;31;Minas Gerais;313910;Madre de Deus de Minas;64,56;39,80
1991;31;Minas Gerais;313920;Malacacheta;62,77;45,87
1991;31;Minas Gerais;313925;Mamonas;62,66;46,25
1991;31;Minas Gerais;313930;Manga;61,69;49,78
1991;31;Minas Gerais;313940;Manhuaçu;67,38;31,23
1991;31;Minas Gerais;313950;Manhumirim;65,67;36,29
1991;31;Minas Gerais;313960;Mantena;65,17;37,85
1991;31;Minas Gerais;313970;Maravilhas;66,06;35,09
1991;31;Minas Gerais;313980;Mar de Espanha;66,23;34,59
1991;31;Minas Gerais;313990;Maria da Fé;64,07;41,42
1991;31;Minas Gerais;314000;Mariana;68,3;28,67
1991;31;Minas Gerais;314010;Marilac;60,26;55,23
1991;31;Minas Gerais;314015;Mário Campos;64,42;40,27
1991;31;Minas Gerais;314020;Maripá de Minas;64,84;38,90
1991;31;Minas Gerais;314030;Marliéria;66,23;34,59
1991;31;Minas Gerais;314040;Marmelópolis;64,07;41,42
1991;31;Minas Gerais;314050;Martinho Campos;67,12;31,98
1991;31;Minas Gerais;314053;Martins Soares;68,2;29,96
1991;31;Minas Gerais;314055;Mata Verde;58,17;63,87
1991;31;Minas Gerais;314060;Materlândia;60,29;55,12
1991;31;Minas Gerais;314070;Mateus Leme;64,25;40,84
1991;31;Minas Gerais;314080;Matias Barbosa;67,6;30,59
1991;31;Minas Gerais;314085;Matias Cardoso;61,69;49,78
1991;31;Minas Gerais;314090;Matipó;62,06;48,43
1991;31;Minas Gerais;314100;Mato Verde;63,95;41,82
1991;31;Minas Gerais;314110;Matozinhos;68,57;27,95
1991;31;Minas Gerais;314120;Matutina;67,6;30,59
1991;31;Minas Gerais;314130;Medeiros;68,61;27,82
1991;31;Minas Gerais;314140;Medina;62,48;46,90
1991;31;Minas Gerais;314150;Mendes Pimentel;65,58;36,56
1991;31;Minas Gerais;314160;Mercês;64,87;38,81
1991;31;Minas Gerais;314170;Mesquita;62,33;47,45
1991;31;Minas Gerais;314180;Minas Novas;64,95;38,54
1991;31;Minas Gerais;314190;Minduri;66,28;34,44
1991;31;Minas Gerais;314200;Mirabela;64,08;41,40
1991;31;Minas Gerais;314210;Miradouro;64,52;39,93
1991;31;Minas Gerais;314220;Miraí;65,99;35,29
1991;31;Minas Gerais;314225;Miravânia;65,9;35,57
1991;31;Minas Gerais;314230;Moeda;65,38;37,19
1991;31;Minas Gerais;314240;Moema;65,54;36,69
1991;31;Minas Gerais;314250;Monjolos;62,08;48,33
1991;31;Minas Gerais;314260;Monsenhor Paulo;66,93;32,52
1991;31;Minas Gerais;314270;Montalvânia;61,69;49,78
1991;31;Minas Gerais;314280;Monte Alegre de Minas;67,84;29,94
1991;31;Minas Gerais;314290;Monte Azul;62,82;45,70
1991;31;Minas Gerais;314300;Monte Belo;64,26;40,79
1991;31;Minas Gerais;314310;Monte Carmelo;68,59;27,89
1991;31;Minas Gerais;314315;Monte Formoso;60,31;55,03
1991;31;Minas Gerais;314320;Monte Santo de Minas;66,86;32,71
1991;31;Minas Gerais;314330;Montes Claros;69,43;25,68
1991;31;Minas Gerais;314340;Monte Sião;69,83;25,32
1991;31;Minas Gerais;314345;Montezuma;61,69;49,78
1991;31;Minas Gerais;314350;Morada Nova de Minas;68,04;29,37
1991;31;Minas Gerais;314360;Morro da Garça;61,16;51,76
1991;31;Minas Gerais;314370;Morro do Pilar;62,74;45,97
1991;31;Minas Gerais;314380;Munhoz;68,02;33,96
1991;31;Minas Gerais;314390;Muriaé;68,73;27,52
1991;31;Minas Gerais;314400;Mutum;63,92;41,90
1991;31;Minas Gerais;314410;Muzambinho;70,49;23,03
1991;31;Minas Gerais;314420;Nacip Raydan;64,14;41,20
1991;31;Minas Gerais;314430;Nanuque;66,5;33,77
1991;31;Minas Gerais;314435;Naque;62,24;47,76
1991;31;Minas Gerais;314437;Natalândia;66,83;35,54
1991;31;Minas Gerais;314440;Natércia;69,59;25,26
1991;31;Minas Gerais;314450;Nazareno;64,56;39,80
1991;31;Minas Gerais;314460;Nepomuceno;66,28;34,44
1991;31;Minas Gerais;314465;Ninheira;63,89;42,00
1991;31;Minas Gerais;314467;Nova Belém;59,5;58,28
1991;31;Minas Gerais;314470;Nova Era;67,11;31,98
1991;31;Minas Gerais;314480;Nova Lima;67,41;31,13
1991;31;Minas Gerais;314490;Nova Módica;63,14;44,56
1991;31;Minas Gerais;314500;Nova Ponte;67,73;30,23
1991;31;Minas Gerais;314505;Nova Porteirinha;65,23;37,65
1991;31;Minas Gerais;314510;Nova Resende;64,26;40,79
1991;31;Minas Gerais;314520;Nova Serrana;70,87;22,12
1991;31;Minas Gerais;314530;Novo Cruzeiro;61,95;49,72
1991;31;Minas Gerais;314535;Novo Oriente de Minas;58,59;62,10
1991;31;Minas Gerais;314537;Novorizonte;61,69;49,78
1991;31;Minas Gerais;314540;Olaria;64,87;38,81
1991;31;Minas Gerais;314545;Olhos-d'Água;65,44;37,00
1991;31;Minas Gerais;314550;Olímpio Noronha;66,69;33,21
1991;31;Minas Gerais;314560;Oliveira;68,92;27,00
1991;31;Minas Gerais;314570;Oliveira Fortes;66,32;34,30
1991;31;Minas Gerais;314580;Onça de Pitangui;68,02;33,96
1991;31;Minas Gerais;314585;Oratórios;64,42;40,27
1991;31;Minas Gerais;314587;Orizânia;62,67;48,87
1991;31;Minas Gerais;314590;Ouro Branco;67,53;30,80
1991;31;Minas Gerais;314600;Ouro Fino;69,93;24,42
1991;31;Minas Gerais;314610;Ouro Preto;66,26;34,50
1991;31;Minas Gerais;314620;Ouro Verde de Minas;61,36;51,02
1991;31;Minas Gerais;314625;Padre Carvalho;65,46;36,92
1991;31;Minas Gerais;314630;Padre Paraíso;63,67;42,76
1991;31;Minas Gerais;314640;Paineiras;68,04;29,37
1991;31;Minas Gerais;314650;Pains;68,59;27,89
1991;31;Minas Gerais;314655;Pai Pedro;59,67;57,60
1991;31;Minas Gerais;314660;Paiva;66,69;34,15
1991;31;Minas Gerais;314670;Palma;67,11;31,98
1991;31;Minas Gerais;314675;Palmópolis;61,36;51,02
1991;31;Minas Gerais;314690;Papagaios;65,54;36,67
1991;31;Minas Gerais;314700;Paracatu;66,13;34,87
1991;31;Minas Gerais;314710;Pará de Minas;69,4;25,75
1991;31;Minas Gerais;314720;Paraguaçu;68,28;30,67
1991;31;Minas Gerais;314730;Paraisópolis;69,63;25,17
1991;31;Minas Gerais;314740;Paraopeba;66,3;34,36
1991;31;Minas Gerais;314750;Passabém;65,54;36,67
1991;31;Minas Gerais;314760;Passa Quatro;67,38;31,23
1991;31;Minas Gerais;314770;Passa Tempo;68,26;28,78
1991;31;Minas Gerais;314780;Passa-Vinte;67,59;30,63
1991;31;Minas Gerais;314790;Passos;67,68;30,38
1991;31;Minas Gerais;314795;Patis;60,1;55,86
1991;31;Minas Gerais;314800;Patos de Minas;68;29,50
1991;31;Minas Gerais;314810;Patrocínio;68,67;27,69
1991;31;Minas Gerais;314820;Patrocínio do Muriaé;66,83;32,81
1991;31;Minas Gerais;314830;Paula Cândido;64,42;40,25
1991;31;Minas Gerais;314840;Paulistas;66,56;33,60
1991;31;Minas Gerais;314850;Pavão;65,93;35,50
1991;31;Minas Gerais;314860;Peçanha;61,26;51,39
1991;31;Minas Gerais;314870;Pedra Azul;62,48;46,90
1991;31;Minas Gerais;314875;Pedra Bonita;65,67;36,29
1991;31;Minas Gerais;314880;Pedra do Anta;62,06;48,43
1991;31;Minas Gerais;314890;Pedra do Indaiá;68,59;27,89
1991;31;Minas Gerais;314900;Pedra Dourada;65,7;36,18
1991;31;Minas Gerais;314910;Pedralva;66,85;32,74
1991;31;Minas Gerais;314915;Pedras de Maria da Cruz;63,73;45,06
1991;31;Minas Gerais;314920;Pedrinópolis;69,63;25,18
1991;31;Minas Gerais;314930;Pedro Leopoldo;70,49;23,03
1991;31;Minas Gerais;314940;Pedro Teixeira;62,6;46,46
1991;31;Minas Gerais;314950;Pequeri;65,67;36,29
1991;31;Minas Gerais;314960;Pequi;67,62;30,55
1991;31;Minas Gerais;314970;Perdigão;68,85;27,20
1991;31;Minas Gerais;314980;Perdizes;70,07;24,08
1991;31;Minas Gerais;314990;Perdões;68,85;27,20
1991;31;Minas Gerais;314995;Periquito;64,22;40,92
1991;31;Minas Gerais;315000;Pescador;63,14;44,56
1991;31;Minas Gerais;315010;Piau;68,05;29,36
1991;31;Minas Gerais;315015;Piedade de Caratinga;64,13;41,22
1991;31;Minas Gerais;315020;Piedade de Ponte Nova;63,15;44,53
1991;31;Minas Gerais;315030;Piedade do Rio Grande;64,39;40,36
1991;31;Minas Gerais;315040;Piedade dos Gerais;65,38;37,19
1991;31;Minas Gerais;315050;Pimenta;68,59;27,89
1991;31;Minas Gerais;315053;Pingo-d'Água;66,68;34,02
1991;31;Minas Gerais;315057;Pintópolis;61,69;49,78
1991;31;Minas Gerais;315060;Piracema;65,79;35,91
1991;31;Minas Gerais;315070;Pirajuba;70,21;23,72
1991;31;Minas Gerais;315080;Piranga;65,76;39,99
1991;31;Minas Gerais;315090;Piranguçu;66,42;34,00
1991;31;Minas Gerais;315100;Piranguinho;66,42;34,00
1991;31;Minas Gerais;315110;Pirapetinga;67,37;31,26
1991;31;Minas Gerais;315120;Pirapora;66,67;33,27
1991;31;Minas Gerais;315130;Piraúba;67,88;29,82
1991;31;Minas Gerais;315140;Pitangui;69,4;25,75
1991;31;Minas Gerais;315150;Piumhi;68,13;29,12
1991;31;Minas Gerais;315160;Planura;69,16;26,38
1991;31;Minas Gerais;315170;Poço Fundo;67,52;30,83
1991;31;Minas Gerais;315180;Poços de Caldas;71,48;20,70
1991;31;Minas Gerais;315190;Pocrane;66,87;32,68
1991;31;Minas Gerais;315200;Pompéu;67,68;30,37
1991;31;Minas Gerais;315210;Ponte Nova;65,47;36,91
1991;31;Minas Gerais;315213;Ponto Chique;63,18;44,44
1991;31;Minas Gerais;315217;Ponto dos Volantes;61,95;49,72
1991;31;Minas Gerais;315220;Porteirinha;60,58;59,93
1991;31;Minas Gerais;315230;Porto Firme;66,86;32,72
1991;31;Minas Gerais;315240;Poté;61,36;51,02
1991;31;Minas Gerais;315250;Pouso Alegre;70,99;21,84
1991;31;Minas Gerais;315260;Pouso Alto;68,14;29,10
1991;31;Minas Gerais;315270;Prados;67,9;29,76
1991;31;Minas Gerais;315280;Prata;65,52;36,74
1991;31;Minas Gerais;315290;Pratápolis;69,06;26,65
1991;31;Minas Gerais;315300;Pratinha;68,63;27,78
1991;31;Minas Gerais;315310;Presidente Bernardes;64,78;39,09
1991;31;Minas Gerais;315320;Presidente Juscelino;62,08;48,33
1991;31;Minas Gerais;315330;Presidente Kubitschek;64,98;41,70
1991;31;Minas Gerais;315340;Presidente Olegário;64,76;39,16
1991;31;Minas Gerais;315350;Alto Jequitibá;65,67;36,29
1991;31;Minas Gerais;315360;Prudente de Morais;68,06;29,33
1991;31;Minas Gerais;315370;Quartel Geral;65,01;38,37
1991;31;Minas Gerais;315380;Queluzito;65,24;37,62
1991;31;Minas Gerais;315390;Raposos;68,54;28,75
1991;31;Minas Gerais;315400;Raul Soares;67,76;30,15
1991;31;Minas Gerais;315410;Recreio;67,37;31,26
1991;31;Minas Gerais;315415;Reduto;63,96;41,78
1991;31;Minas Gerais;315420;Resende Costa;64,42;40,27
1991;31;Minas Gerais;315430;Resplendor;67,57;30,70
1991;31;Minas Gerais;315440;Ressaquinha;64,56;39,80
1991;31;Minas Gerais;315445;Riachinho;66,67;33,27
1991;31;Minas Gerais;315450;Riacho dos Machados;62,29;47,59
1991;31;Minas Gerais;315460;Ribeirão das Neves;65,64;36,38
1991;31;Minas Gerais;315470;Ribeirão Vermelho;66,17;34,76
1991;31;Minas Gerais;315480;Rio Acima;66,12;34,92
1991;31;Minas Gerais;315490;Rio Casca;64,39;41,16
1991;31;Minas Gerais;315500;Rio Doce;61,9;54,07
1991;31;Minas Gerais;315510;Rio do Prado;61,36;51,02
1991;31;Minas Gerais;315520;Rio Espera;65,28;42,12
1991;31;Minas Gerais;315530;Rio Manso;65,38;37,19
1991;31;Minas Gerais;315540;Rio Novo;68,6;27,87
1991;31;Minas Gerais;315550;Rio Paranaíba;69,16;26,39
1991;31;Minas Gerais;315560;Rio Pardo de Minas;61,22;51,55
1991;31;Minas Gerais;315570;Rio Piracicaba;64,18;41,05
1991;31;Minas Gerais;315580;Rio Pomba;68,97;26,87
1991;31;Minas Gerais;315590;Rio Preto;68,6;27,87
1991;31;Minas Gerais;315600;Rio Vermelho;62,28;50,32
1991;31;Minas Gerais;315610;Ritápolis;61,74;49,60
1991;31;Minas Gerais;315620;Rochedo de Minas;68,06;32,52
1991;31;Minas Gerais;315630;Rodeiro;67,53;30,79
1991;31;Minas Gerais;315640;Romaria;66,13;34,87
1991;31;Minas Gerais;315645;Rosário da Limeira;66,83;32,81
1991;31;Minas Gerais;315650;Rubelita;63,26;44,17
1991;31;Minas Gerais;315660;Rubim;61,36;51,02
1991;31;Minas Gerais;315670;Sabará;66,17;34,76
1991;31;Minas Gerais;315680;Sabinópolis;66,83;32,81
1991;31;Minas Gerais;315690;Sacramento;68,61;27,82
1991;31;Minas Gerais;315700;Salinas;65,44;37,00
1991;31;Minas Gerais;315710;Salto da Divisa;64,53;39,90
1991;31;Minas Gerais;315720;Santa Bárbara;65,71;36,17
1991;31;Minas Gerais;315725;Santa Bárbara do Leste;64,84;38,89
1991;31;Minas Gerais;315727;Santa Bárbara do Monte Verde;64,87;38,81
1991;31;Minas Gerais;315730;Santa Bárbara do Tugúrio;61,21;51,56
1991;31;Minas Gerais;315733;Santa Cruz de Minas;65,71;36,17
1991;31;Minas Gerais;315737;Santa Cruz de Salinas;58,79;61,23
1991;31;Minas Gerais;315740;Santa Cruz do Escalvado;62,81;45,72
1991;31;Minas Gerais;315750;Santa Efigênia de Minas;63,27;44,14
1991;31;Minas Gerais;315760;Santa Fé de Minas;62,29;47,59
1991;31;Minas Gerais;315765;Santa Helena de Minas;60,21;56,15
1991;31;Minas Gerais;315770;Santa Juliana;70,55;22,88
1991;31;Minas Gerais;315780;Santa Luzia;66,12;34,92
1991;31;Minas Gerais;315790;Santa Margarida;60,74;53,35
1991;31;Minas Gerais;315800;Santa Maria de Itabira;64,56;39,80
1991;31;Minas Gerais;315810;Santa Maria do Salto;61,36;52,47
1991;31;Minas Gerais;315820;Santa Maria do Suaçuí;63,15;44,53
1991;31;Minas Gerais;315830;Santana da Vargem;65,52;36,74
1991;31;Minas Gerais;315840;Santana de Cataguases;65,76;36,00
1991;31;Minas Gerais;315850;Santana de Pirapama;64,59;39,72
1991;31;Minas Gerais;315860;Santana do Deserto;68,05;29,36
1991;31;Minas Gerais;315870;Santana do Garambéu;64,56;41,16
1991;31;Minas Gerais;315880;Santana do Jacaré;65,67;36,27
1991;31;Minas Gerais;315890;Santana do Manhuaçu;61,59;50,16
1991;31;Minas Gerais;315895;Santana do Paraíso;65,65;36,33
1991;31;Minas Gerais;315900;Santana do Riacho;64,42;40,27
1991;31;Minas Gerais;315910;Santana dos Montes;64,11;41,28
1991;31;Minas Gerais;315920;Santa Rita de Caldas;67,56;30,70
1991;31;Minas Gerais;315930;Santa Rita de Jacutinga;68,05;29,36
1991;31;Minas Gerais;315935;Santa Rita de Minas;61,77;49,49
1991;31;Minas Gerais;315940;Santa Rita de Ibitipoca;66,69;33,21
1991;31;Minas Gerais;315950;Santa Rita do Itueto;63,92;41,90
1991;31;Minas Gerais;315960;Santa Rita do Sapucaí;68,25;28,82
1991;31;Minas Gerais;315970;Santa Rosa da Serra;66,86;32,71
1991;31;Minas Gerais;315980;Santa Vitória;68,46;28,23
1991;31;Minas Gerais;315990;Santo Antônio do Amparo;65,31;37,42
1991;31;Minas Gerais;316000;Santo Antônio do Aventureiro;64,87;38,81
1991;31;Minas Gerais;316010;Santo Antônio do Grama;64,61;41,28
1991;31;Minas Gerais;316020;Santo Antônio do Itambé;63,21;44,33
1991;31;Minas Gerais;316030;Santo Antônio do Jacinto;60,21;56,15
1991;31;Minas Gerais;316040;Santo Antônio do Monte;68,85;27,20
1991;31;Minas Gerais;316045;Santo Antônio do Retiro;60,31;55,03
1991;31;Minas Gerais;316050;Santo Antônio do Rio Abaixo;63,53;43,24
1991;31;Minas Gerais;316060;Santo Hipólito;63,98;41,73
1991;31;Minas Gerais;316070;Santos Dumont;67,31;31,41
1991;31;Minas Gerais;316080;São Bento Abade;63,79;42,36
1991;31;Minas Gerais;316090;São Brás do Suaçuí;65,27;37,53
1991;31;Minas Gerais;316095;São Domingos das Dores;66,68;33,25
1991;31;Minas Gerais;316100;São Domingos do Prata;65,73;36,09
1991;31;Minas Gerais;316105;São Félix de Minas;62,07;48,39
1991;31;Minas Gerais;316110;São Francisco;65,38;37,19
1991;31;Minas Gerais;316120;São Francisco de Paula;65,33;37,36
1991;31;Minas Gerais;316130;São Francisco de Sales;69,64;25,14
1991;31;Minas Gerais;316140;São Francisco do Glória;63,49;43,36
1991;31;Minas Gerais;316150;São Geraldo;67,88;29,82
1991;31;Minas Gerais;316160;São Geraldo da Piedade;63,14;44,56
1991;31;Minas Gerais;316165;São Geraldo do Baixio;66,83;32,82
1991;31;Minas Gerais;316170;São Gonçalo do Abaeté;64,55;39,85
1991;31;Minas Gerais;316180;São Gonçalo do Pará;64,81;39,02
1991;31;Minas Gerais;316190;São Gonçalo do Rio Abaixo;61,16;51,76
1991;31;Minas Gerais;316200;São Gonçalo do Sapucaí;69,42;25,72
1991;31;Minas Gerais;316210;São Gotardo;67,59;30,63
1991;31;Minas Gerais;316220;São João Batista do Glória;68,22;28,88
1991;31;Minas Gerais;316225;São João da Lagoa;64,13;41,22
1991;31;Minas Gerais;316230;São João da Mata;69,59;25,26
1991;31;Minas Gerais;316240;São João da Ponte;64,1;41,32
1991;31;Minas Gerais;316245;São João das Missões;65,9;35,57
1991;31;Minas Gerais;316250;São João del Rei;69,63;26,96
1991;31;Minas Gerais;316255;São João do Manhuaçu;64,59;39,72
1991;31;Minas Gerais;316257;São João do Manteninha;62,07;48,39
1991;31;Minas Gerais;316260;São João do Oriente;62,79;45,81
1991;31;Minas Gerais;316265;São João do Pacuí;63,36;43,82
1991;31;Minas Gerais;316270;São João do Paraíso;65,44;37,00
1991;31;Minas Gerais;316280;São João Evangelista;61,35;51,03
1991;31;Minas Gerais;316290;São João Nepomuceno;66,13;34,87
1991;31;Minas Gerais;316292;São Joaquim de Bicas;64,14;41,20
1991;31;Minas Gerais;316294;São José da Barra;69,63;26,96
1991;31;Minas Gerais;316295;São José da Lapa;66,26;34,50
1991;31;Minas Gerais;316300;São José da Safira;60,29;55,12
1991;31;Minas Gerais;316310;São José da Varginha;69,4;25,75
1991;31;Minas Gerais;316320;São José do Alegre;66,85;32,74
1991;31;Minas Gerais;316330;São José do Divino;63,09;44,74
1991;31;Minas Gerais;316340;São José do Goiabal;63,63;42,90
1991;31;Minas Gerais;316350;São José do Jacuri;62,11;48,23
1991;31;Minas Gerais;316360;São José do Mantimento;65,67;36,29
1991;31;Minas Gerais;316370;São Lourenço;69,27;26,09
1991;31;Minas Gerais;316380;São Miguel do Anta;64,87;38,81
1991;31;Minas Gerais;316390;São Pedro da União;66,04;35,16
1991;31;Minas Gerais;316400;São Pedro dos Ferros;61,54;50,34
1991;31;Minas Gerais;316410;São Pedro do Suaçuí;62,48;46,90
1991;31;Minas Gerais;316420;São Romão;60,31;55,03
1991;31;Minas Gerais;316430;São Roque de Minas;67,18;31,80
1991;31;Minas Gerais;316440;São Sebastião da Bela Vista;66,64;33,35
1991;31;Minas Gerais;316443;São Sebastião da Vargem Alegre;63,15;44,53
1991;31;Minas Gerais;316447;São Sebastião do Anta;61,77;49,49
1991;31;Minas Gerais;316450;São Sebastião do Maranhão;62,07;48,39
1991;31;Minas Gerais;316460;São Sebastião do Oeste;66,87;32,68
1991;31;Minas Gerais;316470;São Sebastião do Paraíso;68,84;27,22
1991;31;Minas Gerais;316480;São Sebastião do Rio Preto;64,27;40,76
1991;31;Minas Gerais;316490;São Sebastião do Rio Verde;68,14;29,10
1991;31;Minas Gerais;316500;São Tiago;65,94;35,45
1991;31;Minas Gerais;316510;São Tomás de Aquino;68,84;27,22
1991;31;Minas Gerais;316520;São Thomé das Letras;64,81;38,99
1991;31;Minas Gerais;316530;São Vicente de Minas;68,04;29,37
1991;31;Minas Gerais;316540;Sapucaí-Mirim;68,28;30,67
1991;31;Minas Gerais;316550;Sardoá;66,56;33,60
1991;31;Minas Gerais;316553;Sarzedo;68,56;28,75
1991;31;Minas Gerais;316555;Setubinha;58,79;61,23
1991;31;Minas Gerais;316556;Sem-Peixe;62,06;48,43
1991;31;Minas Gerais;316557;Senador Amaral;67,23;31,66
1991;31;Minas Gerais;316560;Senador Cortes;66,69;33,21
1991;31;Minas Gerais;316570;Senador Firmino;67,88;29,82
1991;31;Minas Gerais;316580;Senador José Bento;67,84;29,92
1991;31;Minas Gerais;316590;Senador Modestino Gonçalves;61,9;56,15
1991;31;Minas Gerais;316600;Senhora de Oliveira;62,06;48,43
1991;31;Minas Gerais;316610;Senhora do Porto;60,77;53,26
1991;31;Minas Gerais;316620;Senhora dos Remédios;66,36;34,20
1991;31;Minas Gerais;316630;Sericita;60,27;55,19
1991;31;Minas Gerais;316640;Seritinga;64,53;39,90
1991;31;Minas Gerais;316650;Serra Azul de Minas;64,17;41,08
1991;31;Minas Gerais;316660;Serra da Saudade;65,67;36,27
1991;31;Minas Gerais;316670;Serra dos Aimorés;62,48;46,90
1991;31;Minas Gerais;316680;Serra do Salitre;68,36;28,51
1991;31;Minas Gerais;316690;Serrania;65,42;37,08
1991;31;Minas Gerais;316695;Serranópolis de Minas;62,66;46,25
1991;31;Minas Gerais;316700;Serranos;64,53;39,90
1991;31;Minas Gerais;316710;Serro;64,42;45,08
1991;31;Minas Gerais;316720;Sete Lagoas;68,04;29,37
1991;31;Minas Gerais;316730;Silveirânia;64,87;38,81
1991;31;Minas Gerais;316740;Silvianópolis;68,25;28,82
1991;31;Minas Gerais;316750;Simão Pereira;68,05;29,36
1991;31;Minas Gerais;316760;Simonésia;64,32;40,59
1991;31;Minas Gerais;316770;Sobrália;63,29;44,07
1991;31;Minas Gerais;316780;Soledade de Minas;68,25;28,82
1991;31;Minas Gerais;316790;Tabuleiro;67,88;29,82
1991;31;Minas Gerais;316800;Taiobeiras;66,29;34,41
1991;31;Minas Gerais;316805;Taparuba;63,92;41,90
1991;31;Minas Gerais;316810;Tapira;70,07;24,08
1991;31;Minas Gerais;316820;Tapiraí;67,18;31,80
1991;31;Minas Gerais;316830;Taquaraçu de Minas;66,61;33,45
1991;31;Minas Gerais;316840;Tarumirim;66,68;34,02
1991;31;Minas Gerais;316850;Teixeiras;62,06;48,43
1991;31;Minas Gerais;316860;Teófilo Otoni;65,38;37,19
1991;31;Minas Gerais;316870;Timóteo;70,55;22,88
1991;31;Minas Gerais;316880;Tiradentes;68;29,50
1991;31;Minas Gerais;316890;Tiros;67,68;30,38
1991;31;Minas Gerais;316900;Tocantins;66,39;34,10
1991;31;Minas Gerais;316905;Tocos do Moji;68,02;33,96
1991;31;Minas Gerais;316910;Toledo;68,49;28,16
1991;31;Minas Gerais;316920;Tombos;68,06;29,33
1991;31;Minas Gerais;316930;Três Corações;67,37;31,24
1991;31;Minas Gerais;316935;Três Marias;68,06;29,33
1991;31;Minas Gerais;316940;Três Pontas;67,53;30,80
1991;31;Minas Gerais;316950;Tumiritinga;65,57;36,59
1991;31;Minas Gerais;316960;Tupaciguara;68,64;27,76
1991;31;Minas Gerais;316970;Turmalina;64,59;39,72
1991;31;Minas Gerais;316980;Turvolândia;69,59;25,26
1991;31;Minas Gerais;316990;Ubá;68,97;26,87
1991;31;Minas Gerais;317000;Ubaí;62,27;47,65
1991;31;Minas Gerais;317005;Ubaporanga;66,68;33,25
1991;31;Minas Gerais;317010;Uberaba;68,97;26,87
1991;31;Minas Gerais;317020;Uberlândia;70,45;23,13
1991;31;Minas Gerais;317030;Umburatiba;61,36;51,02
1991;31;Minas Gerais;317040;Unaí;69,63;26,96
1991;31;Minas Gerais;317043;União de Minas;64,81;39,02
1991;31;Minas Gerais;317047;Uruana de Minas;65,13;37,97
1991;31;Minas Gerais;317050;Urucânia;63,15;44,53
1991;31;Minas Gerais;317052;Urucuia;65,9;35,57
1991;31;Minas Gerais;317057;Vargem Alegre;66,68;33,25
1991;31;Minas Gerais;317060;Vargem Bonita;66,39;34,11
1991;31;Minas Gerais;317065;Vargem Grande do Rio Pardo;61,69;49,78
1991;31;Minas Gerais;317070;Varginha;70,14;23,89
1991;31;Minas Gerais;317075;Varjão de Minas;65,78;35,94
1991;31;Minas Gerais;317080;Várzea da Palma;62,87;45,51
1991;31;Minas Gerais;317090;Varzelândia;64,1;41,32
1991;31;Minas Gerais;317100;Vazante;66,13;34,87
1991;31;Minas Gerais;317103;Verdelândia;62,27;47,65
1991;31;Minas Gerais;317107;Veredinha;64,98;41,70
1991;31;Minas Gerais;317110;Veríssimo;70,55;22,88
1991;31;Minas Gerais;317115;Vermelho Novo;62,95;45,24
1991;31;Minas Gerais;317120;Vespasiano;65,16;37,90
1991;31;Minas Gerais;317130;Viçosa;67,59;31,73
1991;31;Minas Gerais;317140;Vieiras;64,1;41,32
1991;31;Minas Gerais;317150;Mathias Lobato;65,73;36,09
1991;31;Minas Gerais;317160;Virgem da Lapa;63,28;44,08
1991;31;Minas Gerais;317170;Virgínia;67;32,32
1991;31;Minas Gerais;317180;Virginópolis;62,79;45,81
1991;31;Minas Gerais;317190;Virgolândia;63,14;44,56
1991;31;Minas Gerais;317200;Visconde do Rio Branco;66,13;34,87
1991;31;Minas Gerais;317210;Volta Grande;67,37;33,48
1991;31;Minas Gerais;317220;Wenceslau Braz;66,42;34,00